{
    "AX": {
        "error": 0.016750959358551275, 
        "fit": "average", 
        "value": 0.2643683979561605
    }, 
    "H1": {
        "error": 0.013952982277938085, 
        "fit": "average", 
        "value": 0.04277399340363509
    }, 
    "H2": {
        "error": 0.009914292272043821, 
        "fit": "average", 
        "value": -0.210464930204066
    }, 
    "L1": {
        "error": 0.010719416577002932, 
        "fit": "average", 
        "value": -0.024408061034797594
    }, 
    "L2(CDD)": {
        "error": 6.756829156452582e-06, 
        "fit": "average", 
        "value": 4.201875146364078e-05
    }
}