{
    "AX": {
        "error": 0.017006506133070184, 
        "fit": "average", 
        "value": 0.22920441279724144
    }, 
    "H1": {
        "error": 0.012282088720045244, 
        "fit": "average", 
        "value": 0.08012358355397041
    }, 
    "H2": {
        "error": 0.010099172400204099, 
        "fit": "average", 
        "value": -0.23497440764243424
    }, 
    "L1": {
        "error": 0.01154135713354121, 
        "fit": "average", 
        "value": -0.024653331807089018
    }, 
    "L2(CDD)": {
        "error": 3.6892532306662773e-06, 
        "fit": "average", 
        "value": 1.1459659463589825e-05
    }
}