{
    "AX": {
        "error": 0.017076628022757983, 
        "fit": "average", 
        "value": 0.28029507654142216
    }, 
    "H1": {
        "error": 0.012131336762360627, 
        "fit": "average", 
        "value": 0.048648931141498965
    }, 
    "H2": {
        "error": 0.010878664580126846, 
        "fit": "average", 
        "value": -0.24284589561520453
    }, 
    "L1": {
        "error": 0.012155022427865566, 
        "fit": "average", 
        "value": -0.011186544570567176
    }, 
    "L2(CDD)": {
        "error": 3.934095436843818e-06, 
        "fit": "average", 
        "value": 1.0186364016207775e-05
    }
}