{
    "Ar36": {
        "error": 0.000982573099490371, 
        "fit": "Parabolic", 
        "value": 0.1577789322059979
    }, 
    "Ar37": {
        "error": 0.01322552981373891, 
        "fit": "linear", 
        "value": 0.00055403329382161
    }, 
    "Ar38": {
        "error": 0.01709460803907089, 
        "fit": "linear", 
        "value": 5.701362724727085
    }, 
    "Ar39": {
        "error": 0.054992811991221295, 
        "fit": "Parabolic", 
        "value": 502.88153399164804
    }, 
    "Ar40": {
        "error": 0.027654612814139622, 
        "fit": "Parabolic", 
        "value": 51.79461028631532
    }
}