{
    "AX": {
        "error": 0.016715625373659896, 
        "fit": "average", 
        "value": 0.2622686430378194
    }, 
    "H1": {
        "error": 0.013353336221001245, 
        "fit": "average", 
        "value": 0.06537238225622591
    }, 
    "H2": {
        "error": 0.008683268844290411, 
        "fit": "average", 
        "value": -0.2612630313603543
    }, 
    "L1": {
        "error": 0.010790440919110713, 
        "fit": "average", 
        "value": -0.014567069165895983
    }, 
    "L2(CDD)": {
        "error": 5.9961904919231674e-06, 
        "fit": "average", 
        "value": 2.4192614568851198e-05
    }
}