{
    "Ar36": {
        "error": 0.005122878442504113, 
        "fit": "Parabolic", 
        "value": 4.353951132778324
    }, 
    "Ar37": {
        "error": 0.012944229720084216, 
        "fit": "linear", 
        "value": 0.007168909613240036
    }, 
    "Ar38": {
        "error": 0.01818910565318605, 
        "fit": "linear", 
        "value": 1.3133411602458016
    }, 
    "Ar39": {
        "error": 0.026995095295075894, 
        "fit": "Parabolic", 
        "value": 0.07447784234414119
    }, 
    "Ar40": {
        "error": 0.13445442096559476, 
        "fit": "Parabolic", 
        "value": 1371.461174596072
    }
}