{
    "Ar36": {
        "error": 0.000220187326014244, 
        "fit": "Parabolic", 
        "value": 0.0034939941656879255
    }, 
    "Ar37": {
        "error": 0.014237215085132038, 
        "fit": "linear", 
        "value": -0.008414256251206915
    }, 
    "Ar38": {
        "error": 0.022053528945171284, 
        "fit": "linear", 
        "value": 0.29417262303923997
    }, 
    "Ar39": {
        "error": 0.02539346160970867, 
        "fit": "Parabolic", 
        "value": 0.07271322202556801
    }, 
    "Ar40": {
        "error": 0.023391730352025904, 
        "fit": "Parabolic", 
        "value": 0.257778502169313
    }
}